Fecha,TicketDecision,Veredicto,Precio_Entrada,Volatilidad,Resultado_60min
2026-03-31 10:43:14,WAIT,0.018492605755879108,66194.1015625,0.1677469220226999,
